Dataset,Swin_Acc,Swin_F1,Swin_Prec,Swin_Recall,Swin_AUC,Zoom_Acc,Zoom_F1,Zoom_Prec,Zoom_Recall,Zoom_AUC,ΔConfidence,Zoom_Trigger_%
Hyper-Kvasir,0.9970631424375918,0.998272884283247,1.0,0.996551724137931,0.9999829293274155,0.9970631424375918,0.998272884283247,1.0,0.996551724137931,0.011701946056674644,0.15007254356811364,0.0
CVC-ClinicDB,0.994281045751634,0.997132322818517,1.0,0.994281045751634,,0.9950980392156863,0.9975429975429976,1.0,0.9950980392156863,,0.0031689664933319183,0.08169934640522876
CVC-ColonDB,0.9078947368421053,0.9517241379310345,1.0,0.9078947368421053,,0.9236842105263158,0.960328317373461,1.0,0.9236842105263158,,0.059347114285552185,2.631578947368421
ETIS,0.25,0.4,1.0,0.25,,0.25510204081632654,0.4065040650406504,1.0,0.25510204081632654,,0.6845305374244509,1.530612244897959
